GROUP,PACKAGE,CLASS,INSTRUCTION_MISSED,INSTRUCTION_COVERED,BRANCH_MISSED,BRANCH_COVERED,LINE_MISSED,LINE_COVERED,COMPLEXITY_MISSED,COMPLEXITY_COVERED,METHOD_MISSED,METHOD_COVERED
hertzbeat-alerter,org.dromara.hertzbeat.alert.util,AlertTemplateUtil,3,54,0,4,1,16,1,4,1,2
hertzbeat-alerter,org.dromara.hertzbeat.alert.util,DateUtil,19,51,1,1,7,7,2,3,1,3
hertzbeat-alerter,org.dromara.hertzbeat.alert.service.impl,AlertDefineServiceImpl,34,122,2,2,6,28,3,14,1,14
hertzbeat-alerter,org.dromara.hertzbeat.alert.service.impl,AlertSilenceServiceImpl,101,0,4,0,19,0,11,0,9,0
hertzbeat-alerter,org.dromara.hertzbeat.alert.service.impl,AlertConvergeServiceImpl,53,0,0,0,17,0,9,0,9,0
hertzbeat-alerter,org.dromara.hertzbeat.alert.service.impl,AlertServiceImpl,217,0,14,0,64,0,20,0,12,0
hertzbeat-alerter,org.dromara.hertzbeat.alert.enums,CloudServiceAlarmInformationEnum,3,40,0,0,1,7,1,5,1,5
hertzbeat-alerter,org.dromara.hertzbeat.alert.config,AlerterAutoConfiguration,3,0,0,0,1,0,1,0,1,0
hertzbeat-alerter,org.dromara.hertzbeat.alert,AlerterProperties.EntranceProperties.KafkaProperties,37,0,0,0,6,0,9,0,9,0
hertzbeat-alerter,org.dromara.hertzbeat.alert,AlerterProperties.EntranceProperties,10,0,0,0,3,0,3,0,3,0
hertzbeat-alerter,org.dromara.hertzbeat.alert,AlerterWorkerPool,9,42,0,0,3,13,1,4,1,4
hertzbeat-alerter,org.dromara.hertzbeat.alert,AlerterProperties,80,0,0,0,10,0,17,0,17,0
hertzbeat-alerter,org.dromara.hertzbeat.alert.controller,AlertDefineController,6,81,2,2,1,17,2,8,0,8
hertzbeat-alerter,org.dromara.hertzbeat.alert.controller,AlertSilencesController,126,0,12,0,26,0,10,0,4,0
hertzbeat-alerter,org.dromara.hertzbeat.alert.controller,AlertConvergesController,122,0,12,0,24,0,10,0,4,0
hertzbeat-alerter,org.dromara.hertzbeat.alert.controller,AlertConvergeController,45,0,2,0,11,0,5,0,4,0
hertzbeat-alerter,org.dromara.hertzbeat.alert.controller,AlertReportController,37,73,1,1,14,26,1,5,0,5
hertzbeat-alerter,org.dromara.hertzbeat.alert.controller,AlertSilenceController,45,0,2,0,11,0,5,0,4,0
hertzbeat-alerter,org.dromara.hertzbeat.alert.controller,AlertDefinesController,147,41,13,1,31,8,8,3,1,3
hertzbeat-alerter,org.dromara.hertzbeat.alert.controller,AlertsController,106,92,21,5,21,21,14,6,1,6
hertzbeat-alerter,org.dromara.hertzbeat.alert.reduce,AlarmConvergeReduce,388,0,52,0,80,0,31,0,5,0
hertzbeat-alerter,org.dromara.hertzbeat.alert.reduce,AlarmSilenceReduce,276,0,70,0,54,0,40,0,5,0
hertzbeat-alerter,org.dromara.hertzbeat.alert.reduce,AlarmCommonReduce,95,0,12,0,19,0,9,0,3,0
hertzbeat-alerter,org.dromara.hertzbeat.alert.calculate,CalculateAlarm,1137,0,94,0,276,0,63,0,16,0
hertzbeat-alerter,org.dromara.hertzbeat.alert.dto,TenCloudAlertReport.Conditions,602,115,128,0,1,18,69,33,5,33
hertzbeat-alerter,org.dromara.hertzbeat.alert.dto,TenCloudAlertReport.AlarmObjInfo,215,38,46,0,1,7,28,11,5,11
hertzbeat-alerter,org.dromara.hertzbeat.alert.dto,TenCloudAlertReport.TenCloudAlertReportBuilder,23,58,0,0,0,1,2,9,2,9
hertzbeat-alerter,org.dromara.hertzbeat.alert.dto,AlertSummary,201,35,18,0,1,8,19,8,10,8
hertzbeat-alerter,org.dromara.hertzbeat.alert.dto,CloudAlertReportAbstract,0,3,0,0,0,1,0,1,0,1
hertzbeat-alerter,org.dromara.hertzbeat.alert.dto,AlertPriorityNum,95,0,10,0,4,0,14,0,9,0
hertzbeat-alerter,org.dromara.hertzbeat.alert.dto,TenCloudAlertReport.AlarmPolicyInfo,215,38,46,0,1,7,28,11,5,11
hertzbeat-alerter,org.dromara.hertzbeat.alert.dto,GeneralCloudAlertReport,120,51,29,5,5,13,21,7,4,7
hertzbeat-alerter,org.dromara.hertzbeat.alert.dto,TenCloudAlertReport.Dimensions,107,17,22,0,1,4,16,5,5,5
hertzbeat-alerter,org.dromara.hertzbeat.alert.dto,TenCloudAlertReport,380,228,75,3,23,44,43,27,4,27
